type;id;name;value;details;note
P;P-001;Ноутбук;32999.99;Комп'ютери;15.6 дюймів, 16 ГБ RAM
C;C-001;Олена Коваль;olena@example.com;+380501112233;Київ
P;P-002;Бездротова миша;849.50;Аксесуари;Ергономічна миша
C;C-002;Максим Бондаренко;max@example.com;+380672223344;Львів
P;P-003;Механічна клавіатура;2799.00;Аксесуари;
P;P-004;Монітор 27 дюймів;10999.90;Монітори;IPS-матриця
P;P-005;USB-C адаптер;1299.00;Аксесуари;Шість портів
P;P-006;Зовнішній SSD 1 ТБ;4199.75;Накопичувачі;
C;C-003;Софія Мельник;;;
C;C-004;Андрій Шевченко;andrii@example.com;;Одеса
P;P-011;Кабель HDMI;499.00;Аксесуари
P;P-012;Портативна колонка;дорого;Аудіо;Bluetooth
C;C-013;;client@example.com;+380931234567;Харків
C;C-013;;;Харків
C;C-013;;;Харків

